{"cameraMode":{"drawMode":0,"name":"Shaded","section":"Shading Mode"},"sceneLighting":true,"audioPlay":false,"sceneViewState":{"showFog":true,"showMaterialUpdate":false,"showSkybox":true,"showFlares":true,"showImageEffects":true,"showParticleSystems":true,"showVisualEffectGraphs":true,"m_FxEnabled":true},"in2DMode":false,"pivot":{"x":410.6533508300781,"y":1128.668212890625,"z":139.6666259765625},"rotation":{"x":-0.004788711201399565,"y":0.01859240047633648,"z":0.00020078246598131955,"w":0.9998829960823059},"size":1007.7665405273438,"orthographic":false}