{"cameraMode":{"drawMode":0,"name":"Shaded","section":"Shading Mode"},"sceneLighting":true,"audioPlay":false,"sceneViewState":{"showFog":true,"showMaterialUpdate":false,"showSkybox":true,"showFlares":true,"showImageEffects":true,"showParticleSystems":true,"showVisualEffectGraphs":true,"m_FxEnabled":true},"in2DMode":false,"pivot":{"x":11.825773239135743,"y":29.565521240234376,"z":39.45045852661133},"rotation":{"x":0.013669361360371113,"y":0.14200054109096528,"z":-0.0019611865282058717,"w":0.9897716641426086},"size":47.4556770324707,"orthographic":false}