{"cameraMode":{"drawMode":0,"name":"Shaded","section":"Shading Mode"},"sceneLighting":true,"audioPlay":false,"sceneViewState":{"showFog":true,"showMaterialUpdate":false,"showSkybox":true,"showFlares":true,"showImageEffects":true,"showParticleSystems":true,"showVisualEffectGraphs":true,"m_FxEnabled":true},"in2DMode":false,"pivot":{"x":245.09669494628907,"y":400.57159423828127,"z":421.3211669921875},"rotation":{"x":-0.012003089301288128,"y":-0.010195111855864525,"z":0.0007923216326162219,"w":-1.0000362396240235},"size":653.47119140625,"orthographic":false}