{"cameraMode":{"drawMode":0,"name":"Shaded","section":"Shading Mode"},"sceneLighting":true,"audioPlay":false,"sceneViewState":{"showFog":true,"showMaterialUpdate":false,"showSkybox":true,"showFlares":true,"showImageEffects":true,"showParticleSystems":true,"showVisualEffectGraphs":true,"m_FxEnabled":true},"in2DMode":false,"pivot":{"x":227.88758850097657,"y":395.4986572265625,"z":15.489501953125},"rotation":{"x":-0.008991086855530739,"y":-0.0036092738155275585,"z":-0.0004745289625134319,"w":1.0000967979431153},"size":412.9875793457031,"orthographic":false}