{"cameraMode":{"drawMode":0,"name":"Shaded","section":"Shading Mode"},"sceneLighting":true,"audioPlay":false,"sceneViewState":{"showFog":true,"showMaterialUpdate":false,"showSkybox":true,"showFlares":true,"showImageEffects":true,"showParticleSystems":true,"showVisualEffectGraphs":true,"m_FxEnabled":true},"in2DMode":false,"pivot":{"x":-1.3439877033233643,"y":12.341891288757325,"z":9.596417427062989},"rotation":{"x":0.4668304920196533,"y":-0.005575030110776424,"z":0.002942900639027357,"w":0.8843334317207336},"size":28.551101684570314,"orthographic":false}