{"cameraMode":{"drawMode":0,"name":"Shaded","section":"Shading Mode"},"sceneLighting":true,"audioPlay":false,"sceneViewState":{"showFog":true,"showMaterialUpdate":false,"showSkybox":true,"showFlares":true,"showImageEffects":true,"showParticleSystems":true,"showVisualEffectGraphs":true,"m_FxEnabled":true},"in2DMode":false,"pivot":{"x":-140.80459594726563,"y":358.7796936035156,"z":104.33502197265625},"rotation":{"x":0.04469448700547218,"y":0.004192413296550512,"z":-0.00018827366875484586,"w":0.998999297618866},"size":1863.7808837890625,"orthographic":false}